INSERT INTO public.kc_account_enquiry (id,account_no,amount,call_status,chnl_ref_id,elapsed_time,error_message,full_request_msg,full_response_msg,komi_trns_id,orign_bank,reason_code,recpt_bank,req_bizmsgid,resp_bizmsgid,response_code,cihub_req_time) VALUES
	 (5006,'12134863112',245000.00,'SUCCESS','6254',125,NULL,'eJyVUttqwkAQ/Zd9VtndqFjfcvGypVbRRSilD5rEKDUXNhPQiv/e2d0E2lKpDWR2NjNnzuFkLsSr
ylmZkOGFuEUxjZTOxjYeDpE9M5GVkAlzm8PeVPWNrMTUE8EjI1d8WkTmd+J8IV8Q59Y47/CBGoQm
J5xyxih3mtE9RueU8Yc+pRhIi2BnEO9sc7EJyw6lA3xZhw6w6qs4gHpMm9E2dyTnQ94fckqQKcjD
Ko0zsPogHwu/hFT5EUi10x8nqjHBKPpdUK2GNXwyvcHYIs/b+U6eSqzr7hXAMRWZYTL5DIwdT8sJ
0UZYHfJkWl4vZJGCdW+URTLHcEvRd4twwF/KkQyHy6IW40NyXlSq0PlCgTojHNspM7JEBsp7N4Ld
1Hi33hyrWFN0e5RStF9bEWqUCJZ6uL9Xiad/UTDyJBaDLWhXrzZzE/jHZhlf7sB83SqLsYwGHYbQ
NP6AMc6c7qDvMMbNPr7p8AkMF+SI
','eJyNUV1vgjAU/StLn9W0RYjyhkUnW6YEuizL4oOh4EigEKjbnPG/77bI4paZrIR+nnvPOfce0Wzf
PrQ75B6RV9dL0ejdopvzXHSrDGSrZGBOa/VqXvUJsfnKC/w7D51gDBCv/hkXB8sZxJFz3Cz/BA2B
JkcUU0IwtVjAn3Vqm+AIUwyD2HSCBgiQfpp14HqbtCOMKfxkRDC8sib11TnNkOAhtTixXeq4FCNg
8qtkX6ZSdfpUtQjCUsWqjWpzddv0JTB6/pZjtFDb6dl4eZ2PfwQy86QACuS+QBWanSzmUvAKph8E
fUmAYA3ppw7YmmoOEwJ5roDPSII0maFBHuMMjtpWCy3IDDNsta+wUc0BMI9gAqq/+c4fpZl+Z0IZ
/6E66GWlvcX7Ni+qm6dcVKJCumEa5SWJ6hv6q72EEms8cSxCqIHz+pKaeYwh0/e4Lkq487dqazTO
5VtRX6rQgQhrbybvPQ+HFI+tMSbEhsuoFVJ1ng2Iv0sjGFvG3GkDH4wvOS7UHg==
','29600291','SIHBIDJ1','U000','CITYIDJA','20211023SIHBIDJ1510O0129600296','20211023CITYIDJA510R0200001528','ACTC','2021-10-23 22:26:20.45914'),
	 (5008,'12134863112',245000.00,'SUCCESS','6154',80,NULL,'eJyVUttuwjAM/Zc8A0pSYMBbL1wyjYEgmjRNe4C2FDR6UepKMMS/z0nKtE1DY5Wa2LWPz9GpT8Sr
ymmZkMGJuEUxiZSORvbc7SJ7ZyIrIRMmm8HWVHVGlmLiieCekTM+DSLzG3G+kM+Ic2uct3tHDUKT
E045Y5Q7l9EdRmeU8X6XUoc6pEGwM4g3trlYhWWL0h6+rEV7WPVVHEA9pslokzuS84FzN8AqMgV5
WKVxBlYf5CPhl5AqPwKpNvrjWF1MMIp+F2TU8P4nn0yvMDbI43q2kYcS6wyzJcA+FZlhMvEUjB0P
izHRRlgd8mBaXk5knoJ1b5hFMsfjmqLvFuGAv5QjGQ6XRS3Gh+Q4r1Sh47kCdUQ4tlNmZIkMlPdm
BLup8e5pta9iTdHuUErRfm1FqFEiWOjh/lYlnv5FwdCTWAzWoF0928hN4B+bZXy5AfN1qyzGMhp0
GMKl8QeMcea0e12HMW728VUfHxe65JA=
','eJyNUV1vgjAU/StLn9X0QwV5w6KTmamB7mFZfCAizgQKoWWbM/733RZd3DKTldDPc+85594jGjfq
Ue2Qd0R+Vc3S2uym7bzfp+0qQ6m0DO1pqV/tqzkhPln4YfDgoxOMDhLlP+PicDaGOHKOG+8/QUNo
yBHFlBBMGQ/Fs0k9IDjCFMMgA8dBHQTIYJu14CrZqB7GFH7SIxheeb0N9DlNl+AuZYIMPOZ4eISA
KSg3TbGVutWny2m4KnSsVVTZq/v6UgKr5285rRZGL2yiuM0nPkKZ+TIFCuS9QBXqncwnMhUlTD8I
LiUBgiUmdDTEmGEGHDYE8twAWyQduciQWRrkc8HhaGwpaEFmmWFrfK1qXR8A8wQmoPrr7/zRNjPv
PNXW/0ofzLIw3uaNaorkLj4khWpyZDpmYP5moy8d/dVfQgnru0NGCLVwUV1zc59zZBsfV3kBd0Gi
EytyIt/y6lqGCUSYgBubdy5WXYpd6rpOfwSXkUqlbk1bkHiXVjGUzrg7reGD8QVU0tTI
','29600298','SIHBIDJ1','U000','CITYIDJA','20211023SIHBIDJ1510O0129600303','20211023CITYIDJA510R0200001577','ACTC','2021-10-23 22:37:10.018177'),
	 (5010,'12134863112',245000.00,'SUCCESS','6654',63,NULL,'eJyVUttqwkAQ/Zd9VtndGFHfcvGypVbRpVBKHzSJUWoubCagFf+9s7sG2lKpDWR3JjNnzuFkzsSv
q1mVkuGZeGU5jZWOxvbc72N75yKvIBcmm8POVHVGVmLqi/CBkQs+LSKLO3GBkC+I8644f/+BGoQm
J5xyxih3mtEuo3PK+KBHqcMoaRHsDJOtbS7XUdWhtI8v69A+VgOVhHAd02a0zR3J+dAZDJlLkCks
ojpLcrD6oBiLoIJMBTFItdUfJ6oxwSj6XZBVQ92GT2Y3GFvkaTPfymOFdYbZCuCQidwwmXgGxo7H
5YRoI6wOeTQtr2eyyMC6N8pjWeBxS9F3i3DAX8qRDIfL8iomgPS0qFWp44UCdUI4tlNmZIkclP9u
BHuZ8e55fagTTdF1KaVov7Yi0igRLvXwYKdSX/+icORLLIYb0K5ebOSl8I/NMr7cgfm6VRZjGQ06
iqBp/AFjnDndfs9hjJt9fNPHJ+9h5HY=
','eJyNUW1vgjAQ/itLP6tpi6DwrRadbJka7D6YxQ+EF0cihUDd5oz/fdcii1tmsiP05frcPffcndDk
0Dw1O+SdEKuqeVLr06xd8zxpdxnIRsnA3Jbq1bzqG+LTBQv8B4bOYD0kyn/GrYP5BOLIJW6Sf0IN
gSZHFFNCMLV4IDY6tU1wiCnWZjkY9RAg/TRrwVUUNwOMKfxkQPQrr1NfXdL0Ce5TSxDbs1yPOAiY
/DI+FKlUbX2qnAWrQq1VE1bGdV93LTD1/F2OsTEedWyiuM0nPgKZMZkABfJeoAv1Tu6nMhElLD8I
upYAwRIT6jqg1ygyIZDnBrhFYhtpMkODGBccrlpWAyPIDDMcta5VreojYJ5BA3R/+50/TDP9zhNl
9K/UUW8LrW1zSPJG5XV0x5JcHSOkZ6aBLI5VN9NfEyaUWMOxYxFCDVxU1+yccY7M6NfVvgCfH6nI
lDmVb/vquhAdiDABPSbvo1j1KbZHrjt0xuAMm0SqVrYBiXdpaoaWaH3nLXxgX/bQ1Ww=
','29600305','SIHBIDJ1','U000','CITYIDJA','20211023SIHBIDJ1510O0129600310','20211023CITYIDJA510R0200000360','ACTC','2021-10-23 22:39:16.952458'),
	 (5012,'12134863112',245000.00,'SUCCESS','61547',18,NULL,'eJyVUttuwjAM/Zc8A0rSwoC3XrhkGgONaNI07QHaUtDoRakrwRD/Picp0jYNjVVqYtc+PkenPhG/
rmZVSoYn4pXlNFY6Gttzt4vtnYu8glyYbA5bU9UZWYqpL8J7Rs74tIgsbsQFQr4gzmtw/u4DNQhN
TjjljFHuXEZ3GZ1Txgc9Sh02IC2CnWGysc3lKqo6lPbxZR3ax2qgkhCaMW1G29yRnA/duyFzCTKF
RVRnSQ5WHxRjEVSQqSAGqTb640RdTDCKfhfUqHEvfDK7wtgij+v5Rh4qrDPMlgD7TOSGycQzMHY8
PE2INsLqkAfT8noiiwyse6M8lgUe1xR9twgH/KUcyXC4LBsxAaTHRa1KHS8UqCPCsZ0yI0vkoPx3
I9jLjHfPq32daAq3SylF+7UVkUaJ8EkPD7Yq9fUvCke+xGK4Bu3q2UZeCv/YLOPLDZivW2UxltGg
owgujT9gjDPH7fccxrjZxzd9fAII0+SE
','eJyNUV1PwjAU/Sumz0J6u4HA2+hAqhHIqA/G8LBsA5dAt6xFQcJ/97ZjBo0kdlk/z73nnHuPZLjT
T3pNBkcSlOUkrexuXM95ntarEkobJdxpZt7cqz0RPpoGInwIyAnHLZHFP+MWYjLEODjHDfNP1CAs
OWGUAVDmcSFfbOoO0IgyigM6AOSWIDLMVjW4jBPdppThD22g+MqrLDTnNC2gLeZJ6Az8uwH4BJnC
ItltM2VqfaYYi/nWLIyOSnd1XzUlcHr+luO0+J7fsMntdT65F2oVqBQpyOAVq1Ct1WakUlng9IOg
KQkSzCiwfpdSD/rI4UIwzxXwGWnVyL2jIQGXHI/WlsYWrBwzbq2veWWqA2Ke0QRWf/mdP8pW9p2n
xvmfm4NdptZbkObmEN8sdjrfFMQ2zKKCJDFNQ3+1Fxh4fq/rATAHl+UlNQ84J67vi3KzxbswNrHT
OFLvm/JShQ0k1Hbd5X2U8xajQHt+t2ebHelUmdqzA8kP5QRTz5k7LfHD8QUpAdQX
','29600314','SIHBIDJ1','U000','CITYIDJA','20211023SIHBIDJ1510O0129600319','20211023CITYIDJA510R0200001511','ACTC','2021-10-23 22:47:14.141426'),
	 (5018,'12134863112',245000.00,'SUCCESS','99245',20,NULL,'eJyVUttqwkAQ/Zd9VtndqKS+5eJlS61il0IpfdAkRqm5sJmAVvz3zu4m0JZKbSCzs5k5cw4ncyZ+
Xc2rlIzOxCvLWax0NrFxv4/tmYu8glyY2wJ2pqpv5EnMfBHeM3LBp0NkcSMuEPIFcV6D8/cfqEFo
csIpZ4xypx09YHRBGb8bUur0h6RDsDNMtra5XEdVj1IXX9ajLlYDlYTQjOky2uWO5M6IuiPmEmQK
i6jOkhysPigmIqggU0EMUm31x6lqTTCKfhfUqGEtn8yuMHbI42axlccK67r7CeCQidwwmXwOxo6H
1ZRoI6wOeTQtr2eyzMC6N85jWWC4pui7RTjgL+VIhsNl2YgJID0ta1XqfKlAnRCO7ZQZWSIH5b8b
wV5mvHteH+pEU/QHlFK0X1sRaZQIV3p4sFOpr39ROPYlFsMNaFcvNvNS+MdmGV9uwHzdKouxjAYd
RdA2/oAxzpy+O3QY42Yf33T4BBCl5Ig=
','eJyNUV1PwjAU/Sumz0DaDpbB2+iGVCMsUB+M4WHZBy5h3dIVEQn/3duOGTSS2GX9PPeec+49oem+
eWq2aHJCfl3PU2V2s3YuirRdJZeNltyelvrNvpoTYuHC58GDj84wekhU/4xb8/kU4sglblp8ggZu
yBHFlBBMHcbFi0k9IniFKYZBqIdRDwEyyPIWXMdJM8CYwk8GxLwylQX6kqZPcJ86grgT7E2Ih4Ap
qJJ9mUnd6tPVjEelXutmVdure9WVwOr5W44d3sjr2ER5m098cJn7MgUKNHmFKqit3IUyFRVMPwi6
kgDBEqyOXYydoQscNgTy3ABfkAQZMkuDfCYYHI2tBlqQW2bYGl+R0uoImGfwANXffOdfZbl5Z6m2
/iN9NMvCeAvVoZB34EJlMTL9MiA/SXTXz1/dJZQ4Q891CKEWLuprZuYzhmzb1/WuhLsg1rGVGMr3
XX0twgQibKzZvI8i6lM8pkPHiO+BpVTq1rIFiYO0erFjvZ038MH4AkK/05M=
','29600341','SIHBIDJ1','U000','CITYIDJA','20211023SIHBIDJ1510O0129600346','20211023CITYIDJA510R0200001280','ACTC','2021-10-23 23:08:18.625362');INSERT INTO public.kc_channel (channel_id,channel_name,channel_type,create_dt,daily_limit_amount,merchant_code,modif_dt,secret_key,transaction_limit_amount) VALUES
	 ('CMS','Internet Banking','01',NULL,NULL,NULL,NULL,NULL,NULL),
	 ('MB','Mobile Banking','02',NULL,NULL,NULL,NULL,NULL,NULL),
	 ('CB','Corebank','03',NULL,NULL,'6010',NULL,NULL,NULL);INSERT INTO public.kc_channel_transaction (id,amount,call_status,channel_id,channel_ref_id,elapsed_time,error_msg,komi_trns_id,msg_name,recpt_bank,request_time,response_code,text_message) VALUES
	 (5000,46705420.00,'SUCCESS','CB','4222',1560,NULL,'29600281','CTReq','BMNDIDJA','2021-10-23 21:33:32.485121','RJCT','{
  "CreditTransferRequest" : {
    "NoRef" : "4222",   
    "TerminalId" : "B0434",
    "CategoryPurpose" : "01",
    "DebtorName" : "ANTON",
    "DebtorId" : "6055",
    "DebtorType" : "01",
    "DebtorAccountNumber" : "515554",
    "DebtorAccountType" : "CACC",
    "DebtorResidentialStatus": "01",
    "DebtorTownName": "0300",
    "Amount" : 46705420,
    "FeeTransfer" : 4000.00,
    "RecipientBank" : "BMNDIDJA",
    "CreditorName" : "JONI N",
    "CreditorId" : "C12103",
    "CreditorType" : "01",
    "CreditorAccountNumber" : "555896",
    "CreditorAccountType" : "SVGS",
    "CreditorResidentialStatus": "01",
    "CreditorTownName": "0300",
    "PaymentInformation" : " bayaran"
  }
}'),
	 (5002,46705420.00,'SUCCESS','CB','41112',176,NULL,'29600286','CTReq','BMNDIDJA','2021-10-23 21:34:06.394637','ACTC','{
  "CreditTransferRequest" : {
    "NoRef" : "41112",   
    "TerminalId" : "B0434",
    "CategoryPurpose" : "01",
    "DebtorName" : "ANTON",
    "DebtorId" : "6055",
    "DebtorType" : "01",
    "DebtorAccountNumber" : "515554",
    "DebtorAccountType" : "CACC",
    "DebtorResidentialStatus": "01",
    "DebtorTownName": "0300",
    "Amount" : 46705420,
    "FeeTransfer" : 4000.00,
    "RecipientBank" : "BMNDIDJA",
    "CreditorName" : "JONI N",
    "CreditorId" : "C12103",
    "CreditorType" : "01",
    "CreditorAccountNumber" : "65896",
    "CreditorAccountType" : "SVGS",
    "CreditorResidentialStatus": "01",
    "CreditorTownName": "0300",
    "PaymentInformation" : " bayaran"
  }
}'),
	 (5005,245000.00,'SUCCESS','CMS','6254',1333,NULL,'29600291','AEReq','CITYIDJA','2021-10-23 22:26:19.167931','ACTC','{
  "AccountEnquiryRequest" : {
    "NoRef" : "6254",
    "SenderAccountNumber": "54130",
    "RecipientBank" : "CITYIDJA",
    "Amount" : "245000",
    "CategoryPurpose" : "01",
    "ProxyType" : "02",
    "ProxyId" : "yogi@gmail.com"
 }
}'),
	 (5007,245000.00,'SUCCESS','CMS','6154',2171,NULL,'29600298','AEReq','CITYIDJA','2021-10-23 22:37:07.942369','ACTC','{
  "AccountEnquiryRequest" : {
    "NoRef" : "6154",
    "SenderAccountNumber": "54130",
    "RecipientBank" : "CITYIDJA",
    "Amount" : "245000",
    "CategoryPurpose" : "01",
    "ProxyType" : "02",
    "ProxyId" : "yogi@gmail.com"
 }
}'),
	 (5009,245000.00,'SUCCESS','CMS','6654',2214,NULL,'29600305','AEReq','CITYIDJA','2021-10-23 22:39:14.810389','ACTC','{
  "AccountEnquiryRequest" : {
    "NoRef" : "6654",
    "SenderAccountNumber": "54130",
    "RecipientBank" : "CITYIDJA",
    "Amount" : "245000",
    "CategoryPurpose" : "01",
    "ProxyType" : "02",
    "ProxyId" : "yogi@gmail.com"
 }
}'),
	 (5011,245000.00,'SUCCESS','CMS','61547',899,NULL,'29600314','AEReq','CITYIDJA','2021-10-23 22:47:13.256005','ACTC','{
  "AccountEnquiryRequest" : {
    "NoRef" : "61547",
    "SenderAccountNumber": "54130",
    "RecipientBank" : "CITYIDJA",
    "Amount" : "245000",
    "CategoryPurpose" : "01",
    "ProxyType" : "02",
    "ProxyId" : "yogi@gmail.com"
 }
}'),
	 (5013,245000.00,'ERROR','CMS','6567',89,'ResolveEndpointFailedException: Failed to resolve endpoint: http://localhost:9006/mock/cihub?bridgeEndpoint=true&socketTimeout=%24%7Bheader.hdr_remain_time%7D due to: Error during type conversion from type: java.lang.String to the required type: int','29600321','AEReq','CITYIDJA','2021-10-23 22:54:11.14205','KSTS','{
  "AccountEnquiryRequest" : {
    "NoRef" : "6567",
    "SenderAccountNumber": "54130",
    "RecipientBank" : "CITYIDJA",
    "Amount" : "245000",
    "CategoryPurpose" : "01",
    "ProxyType" : "02",
    "ProxyId" : "yogi@gmail.com"
 }
}'),
	 (5014,245000.00,'ERROR','CMS','61167',151,'ResolveEndpointFailedException: Failed to resolve endpoint: http://localhost:9006/mock/cihub?bridgeEndpoint=true&socketTimeout=%24%7Bheader.hdr_remain_time%7D due to: Error during type conversion from type: java.lang.String to the required type: int','29600326','AEReq','CITYIDJA','2021-10-23 22:57:35.21255','KSTS','{
  "AccountEnquiryRequest" : {
    "NoRef" : "61167",
    "SenderAccountNumber": "54130",
    "RecipientBank" : "CITYIDJA",
    "Amount" : "245000",
    "CategoryPurpose" : "01",
    "ProxyType" : "02",
    "ProxyId" : "yogi@gmail.com"
 }
}'),
	 (5015,245000.00,'ERROR','CMS','9997',126,'ResolveEndpointFailedException: Failed to resolve endpoint: http://localhost:9006/mock/cihub?bridgeEndpoint=true&socketTimeout=%24%7Bheader.hdr_remain_time%7D due to: Error during type conversion from type: java.lang.String to the required type: int','29600331','AEReq','CITYIDJA','2021-10-23 22:59:27.926576','KSTS','{
  "AccountEnquiryRequest" : {
    "NoRef" : "9997",
    "SenderAccountNumber": "54130",
    "RecipientBank" : "CITYIDJA",
    "Amount" : "245000",
    "CategoryPurpose" : "01",
    "ProxyType" : "02",
    "ProxyId" : "yogi@gmail.com"
 }
}'),
	 (5016,245000.00,'ERROR','CMS','9977',107,'ResolveEndpointFailedException: Failed to resolve endpoint: http://localhost:9006/mock/cihub?bridgeEndpoint=true&socketTimeout=%24%7Bheader.hdr_remain_time%7D due to: Error during type conversion from type: java.lang.String to the required type: int','29600336','AEReq','CITYIDJA','2021-10-23 23:00:47.845243','KSTS','{
  "AccountEnquiryRequest" : {
    "NoRef" : "9977",
    "SenderAccountNumber": "54130",
    "RecipientBank" : "CITYIDJA",
    "Amount" : "245000",
    "CategoryPurpose" : "01",
    "ProxyType" : "02",
    "ProxyId" : "yogi@gmail.com"
 }
}');
INSERT INTO public.kc_channel_transaction (id,amount,call_status,channel_id,channel_ref_id,elapsed_time,error_msg,komi_trns_id,msg_name,recpt_bank,request_time,response_code,text_message) VALUES
	 (5017,245000.00,'SUCCESS','CMS','99245',878,NULL,'29600341','AEReq','CITYIDJA','2021-10-23 23:08:17.76247','ACTC','{
  "AccountEnquiryRequest" : {
    "NoRef" : "99245",
    "SenderAccountNumber": "54130",
    "RecipientBank" : "CITYIDJA",
    "Amount" : "245000",
    "CategoryPurpose" : "01",
    "ProxyType" : "02",
    "ProxyId" : "yogi@gmail.com"
 }
}');INSERT INTO public.kc_credit_transfer (id,amount,call_status,cihub_elapsed_time,cihub_req_time,req_bizmsgid,resp_bizmsgid,create_dt,creditor_acct_no,creditor_acct_type,creditor_id,creditor_type,debtor_acct_no,debtor_acct_type,debtor_id,debtor_type,error_message,full_request_msg,full_response_msg,komi_trns_id,last_update_dt,msg_type,orign_bank,ps_counter,reason_code,recpt_bank,response_code,reversal) VALUES
	 (5001,46705420.00,'SUCCESS',1304,'2021-10-23 21:33:33.854112','20211023SIHBIDJ1010O0329600283','20211023BMNDIDJA010R0200000595','2021-10-23 21:33:32.526','555896','SVGS','C12103','01','515554','CACC','6055','01',NULL,'eJyVUttu4jAQ/ZXKz7SyHcKmvOVCaaqSIOLtC+IhJEDRJiZyhm5ZxL/v2CFdWPVCIxFiz5yZc+bM
nnjbelSvSH9P3Kq6z5X+umve63Xe/MtQ1iBDc4rh2UT1iSThvRcGD4wc8OkQsbkQ542iAHHuEeet
/yCHUDcnnHLGKLfa0pTRmFr8tkcpdyzSIZgZLJZNcpVm9Q2lDv7YDXUw6qtFAMcy14xec0tw1res
vsUJdgo22bZcSGj4weYu9GsolZ+DUEt9OVTtEAyj9wmZhzvdtp8oP+jYIdE8XorXGuMMTwlAUYbS
dDLfI9At/MfJkOhBNDzEq0mZ7sm4hGZ6A5mLDb4+YnQ+IizwFXNshsVFdSTzmBXaK1Xqw1iB2iGe
WjrNh9VuvFXVWQQrMcM4lKC8X0aLW5qxPqXFdoE53d4Panc5RW/0nDKNC4OJKfmsVp72Lxh4AoPB
HMzIIz1HNxJxhJeN8LF6gdMFmh43qEdtmxxmZn003M0yaNfrv2WzmW3bXcNWnKnwXd8nbwVW8I1l
N1ZdgDld9AbzpvMhjsKrr4X6jDNtxOxf10+k2rZz23tHavI0TMz1BDeqsfwn2o2YKbmap7tUpZLM
MJ5URYmQIIXUcBjIl8JUaj3SddF/5D2pcwkJ1O1Z/JZGGLXQ8RO1lyIOqFGrPPwF5LRTog==
','eJyNUlFvgjAQ/ivkntW0oEZ8Q9GJm2ige1p8QCuOBQqB6nTG/75rkWRZNFsDbe96d9/Xr3eB0aFa
VHsYXsApihkv1W5az0nC61V4opLC09ZSvutTZcFo4bueO3fgiqMFLP9nXujNRphHb3mj5As5eAoc
TGJSSkyrKU0oCYhJ1OjZPWgBRrq7uA4uom3VIcTEn3YoAV0qPG7xaPwycQJ0jMudK29125S0TYvR
7tCy8AOEdvPtIdsJWROW+dRbZTKUVVBo11PZaKIJ3uenh213GzSWPcZblnuRYlVPxI7gCATDt0vt
/Y3QiNQgmAOF0IT6mQ6+KTDQCpABXNf4DKc71SeCsxynRxBLYpl2X6FYDQrW+ZsPO2kYCOZjhqaS
rsJ3jzUybpV2q1KWZ4x5tQlVIjicy7SOUftEJrmIUgM9uRFtNlsjrfhHbHT7sFb3uZEJdrEqNuZS
P8hKntXiK7HnS98zfNDNFBZphnBuJCPNYSKOafEzkaEFSKRV9+IzW7Wxv7qWvk5QcSHrG+kQ9ik0
ArEIUfWRkOrZbzgb7GY=
','29600281','2021-10-23 21:33:33.857022','Credit Transfer','SIHBIDJ1',NULL,'U901','BMNDIDJA','RJCT',NULL),
	 (5003,46705420.00,'SUCCESS',89,'2021-10-23 21:34:06.543633','20211023SIHBIDJ1010O0329600288','20211023BMNDIDJA010R0200001681','2021-10-23 21:34:06.448','65896','SVGS','C12103','01','515554','CACC','6055','01',NULL,'eJyVUl1vqkAQ/SvNPttmF4SLvvFhLU0FI3v7YnxAUGsurGQZe+s1/vfOLtKrTU0ticjuzJk5Z87s
ibetR/WK9PfEraqHXKqv++a9XufNvwhFDSLUpxhedFSdSBI+eGHwyMgBnw7hmytx3igKEOcecd76
H3IIVXNiUIMxaphtacpoTE2jZ1NqOA7pEMwMFssmuUqz+o5SB3/sjqqoLxcBHMvcMnprmNxgfbPb
pzbBTsEm25YLAQ0/2NyHfg2l9HPgcqkuh7Idgmb0NSH9GE6v7cfLCx07JJrHS/5WY5zhKQEoylDo
Tvp7BKqF/zQZEjWIhgd/0ynTPRmX0ExvIHK+wdclRucjwgLfMcdmWJxXRzJPWaG8kqU6jCXIHeKp
qdJ8WO3GW1mdRbAS04xDAdL7o7W4pR7rc1psF5jTtX9Rq2tQ9EbNKVO4MJjoki9y5Sn/goHHMRjM
QY88UnN0Ix5HeNkIH8tXOF2g6XGDbGpZ5DDT66PgbpZBu16fls1ilmV1NVt+psJ3fZ98FFjBD5Zd
W3UF5nTRG8yHzsc4Cm++F+ozgykjZv+7XpZqW07P/kJp8jxM9PUEF6px/De6jZApuZmnu1Smgsww
nlRFiZAghVRTGIjXQldqLVJ10X6kPalzAQnU7Zn/FVoXNdHwE7HXIg4oUYk8vAPxEFOG
','eJyNUl1vgjAU/SvLfVbTFmKQNz504iYY6J4WH4yAM5FCoDqd8b/vtohZFs12Cf24vfeck9Oewd03
82YD9hmcqpqmtVpN2nG7TdtZBKKRItC7SH7oU7UDdx76gT9z4ILRA17+sy8Jpi720Wufu/1CDYEi
B0YYpYQZHTShJCaMYNChRaEHWOlneVtcrdbNgBCGPx1QAhoqOazxyHsdOzEmvDrz5RW3T0mfGZya
tmHaZAhI7ZfrfZEJ2QqW5SRYFDKRTVzp1HPdeaIF3tfXxoh0bLx4zBfVG7FD1EDkjkiRCOz3c5v9
zdCZ1DEwawS9W2lY6OKrA5Z2gFhwWeI1HO+gj0XKSxweUUTEYKOhYrE6FsT5Ww8/ahpwPO7hVlnX
4L3nmhmXyrtFLesT1rxhF1758oYfZ7k691KpPV7Ik5pC5d8sCoOnEPT7SKpdgQj+Sq407FgcdtXP
Ro47IOp1aMUvfNHHJ2MalompuEmFbEXqEv4pNAMxtJrLEj+Mbxwo3Y8=
','29600286','2021-10-23 21:34:06.544015','Credit Transfer','SIHBIDJ1',NULL,'U000','BMNDIDJA','ACTC',NULL);INSERT INTO public.kc_domain_code (id,grp,"key",value) VALUES
	 (311,'PROXY.TYPE','03','IPT ID'),
	 (312,'PROXY.TYPE','01','Mobile Phone No'),
	 (313,'PROXY.TYPE','02','Email Address'),
	 (401,'ACCOUNT.TYPE','CACC','Current Account'),
	 (402,'ACCOUNT.TYPE','SVGS','Saving Account'),
	 (403,'ACCOUNT.TYPE','LOAN','Loan'),
	 (404,'ACCOUNT.TYPE','CCRD','Credit Card'),
	 (405,'ACCOUNT.TYPE','UESB','E-Money'),
	 (406,'ACCOUNT.TYPE','OTHR','Other'),
	 (411,'PROXY.SCDR.TYPE','01','National ID Number');
INSERT INTO public.kc_domain_code (id,grp,"key",value) VALUES
	 (412,'PROXY.SCDR.TYPE','02','Passpord Number'),
	 (421,'CATEGORY.PURPOSE','01','Investment'),
	 (422,'CATEGORY.PURPOSE','02','Transfer of Wealth'),
	 (423,'CATEGORY.PURPOSE','03','Purchase'),
	 (424,'CATEGORY.PURPOSE','99','Others'),
	 (431,'CUSTOMER.RESIDENT.STATUS','01','Resident'),
	 (432,'CUSTOMER.RESIDENT.STATUS','02','Non-Resident'),
	 (101,'CUSTOMER.TYPE','01','Individual'),
	 (102,'CUSTOMER.TYPE','02','Corporate'),
	 (103,'CUSTOMER.TYPE','03','Government');
INSERT INTO public.kc_domain_code (id,grp,"key",value) VALUES
	 (104,'CUSTOMER.TYPE','04','Remittance'),
	 (105,'CUSTOMER.TYPE','99','Others'),
	 (301,'CHANNEL.TYPE','01','Internet Banking'),
	 (302,'CHANNEL.TYPE','02','Mobile Banking'),
	 (303,'CHANNEL.TYPE','03','Over the Counter'),
	 (304,'CHANNEL.TYPE','99','Other');INSERT INTO public.kc_fault_class (id,exception_class,reason) VALUES
	 (1,'com.fasterxml.jackson.databind.exc.UnrecognizedPropertyException','Attribute tidak dikenal'),
	 (2,'com.fasterxml.jackson.core.io.JsonEOFException','Json parsing Exception'),
	 (4,'java.util.NoSuchElementException','Validation Error'),
	 (6,'org.apache.http.NoHttpResponseException','U902'),
	 (8,'org.apache.camel.http.common.HttpOperationFailedException','U902'),
	 (5,'org.apache.http.conn.HttpHostConnectException','K006'),
	 (7,'java.net.SocketException','K010'),
	 (3,'java.net.SocketTimeoutException','K000');INSERT INTO public.kc_inbound_counter (tanggal,last_number) VALUES
	 (20210915,50000032),
	 (20210911,50000006),
	 (20210912,50000006),
	 (20210913,50000052),
	 (20210921,50000006),
	 (20210914,50000018),
	 (20210926,50000093),
	 (20210925,50000043),
	 (20211001,50000002),
	 (20211002,50000002);INSERT INTO public.kc_message_counter (tanggal,last_number) VALUES
	 (20210924,104),
	 (20210926,18),
	 (20210923,64),
	 (20210929,4),
	 (20210930,29),
	 (20211002,50),
	 (20211001,5),
	 (20211003,69),
	 (20211011,42),
	 (20211013,113);
INSERT INTO public.kc_message_counter (tanggal,last_number) VALUES
	 (20211010,20),
	 (20211012,134),
	 (20211016,52),
	 (20211015,144),
	 (20211007,216),
	 (20211014,217),
	 (20211023,346);INSERT INTO public.kc_parameter (id,code,"module",notes,value) VALUES
	 (80,'SLA.CHNL.TRANSACTION','OUTBOUND','SLA ke channel untuk call transactional (ms)','15000'),
	 (70,'SLA.CHNL.ENQUIRY','OUTBOUND','SLA ke channel unt call jenis enquiry (ms)','5000'),
	 (20,'LIMIT.DAILY.FREQ','OUTBOUND','Batas berapa kali transaksi perhari','100'),
	 (10,'LIMIT.DAILY.AMOUNT','OUTBOUND','Batas nilai transaksi perhari','1000000000'),
	 (30,'LIMIT.TRNS.AMOUNT','OUTBOUND','Batas nilai per transaksi','100000000'),
	 (40,'PS.RETRY.WARN','OUTBOUND','Berapa kali PaymentStatus SAF sebelum dilaporkan ke admin','5');INSERT INTO public.kc_settlement (id,orgnl_crdt_trn_bizmsgid,orign_bank,recpt_bank,settl_conf_bizmsgid,corebank_response_id,crdt_account_no,crdt_bank_account_no,dbtr_account_no,dbtr_bank_account_no,full_message,receive_date) VALUES
	 (5004,'20211023SIHBIDJ1010O0329600288','BMNDIDJA','SIHBIDJ1','20211023BMNDIDJA010R0200001003',NULL,NULL,'123456',NULL,'123456','eJyVUl1PwjAU/SvmPoO57SaZvI1NZaiDQH0yPOAGSMLKshW/iP/d21tGjIGoXdaP23vPOT3tDnrb
+r5eQncHYVn288rOrl2/WuVu1ImujU54NTTPvGtX0LtP4yQehPBJrQVq88e6SdLvUZ3Y1/VWH6Qh
seQgUQqB0mugUeAYJVITiB60gDLj+cIll7OsPkeU9ItzgcBQk5fMUih1R+uomsdmD9sW2JaeEn7X
87vYAWKON9m2mGvj9JrNdTIqzMTU45JDN1VjCes7Lo+1CRE0bKo4zTeslnpNqIlehDonIug+7lz0
J0Pj0Z4BZXAJrUNqWnDy3oCADcAAPqd0C29H0K90rjbUnaIYoicvO5YlaFgI53c96o1pIIxUREtr
XU3XvmBmmlrvRpWp3inngaroxqcH/PF8YffjJ1OFWWaa53F4LPymyu8QURhFYMNRbvheRubdDqn1
fDBMk7P0sP0/SIpPynVBsXhmZiz/Sr+sObUhs4WAgs7JztyqUZtepu8FPoXGda6NM4NT1KtmVejZ
U7fcKZfmqCqHJ6TnX3ScFj7AH7PJUvqofQGR/xkY
','2021-10-23 14:34:09.159757');INSERT INTO public.kc_status_reason (status_reason_code,description,status_code) VALUES
	 ('U000','Success/ Transaction Accepted','ACSP'),
	 ('U002','Success/ Transaction Accepted Stored in SAF','ACTC'),
	 ('U101','Tenant Not Found','RJCT'),
	 ('U102','Tenant Not Active','RJCT'),
	 ('U103','Tenant Undefined','RJCT'),
	 ('U104','Inbound Scheme Not Found','RJCT'),
	 ('U106','Original Payment Not Found','OTHR'),
	 ('U107','Original Payment Rejected','OTHR'),
	 ('U108','Original Payment Not Responded','OTHR'),
	 ('U110',' Payment Not Accepted','RJCT');
INSERT INTO public.kc_status_reason (status_reason_code,description,status_code) VALUES
	 ('U111','Minimum Amount Check Failed','RJCT'),
	 ('U112','Maximum Amount Check Failed','RJCT'),
	 ('U114','Mod 10 check failed','RJCT'),
	 ('U115','Date Sent Tolerance Check failed','RJCT'),
	 ('U116','Date Settlement Tolerance Check failed','RJCT'),
	 ('U117','Original Date Tolerance configuration error','RJCT'),
	 ('U118','Original Date Tolerance check failed','RJCT'),
	 ('U119','Session Validation Failed','RJCT'),
	 ('U121','Inbound Bank Not Found','RJCT'),
	 ('U122','Inbound Bank Not Active','RJCT');
INSERT INTO public.kc_status_reason (status_reason_code,description,status_code) VALUES
	 ('U123','Product Undefined','RJCT'),
	 ('U124','Bank Code Not Found','RJCT'),
	 ('U125','Inbound Bank Id Cannot be Determined (Bank Classifier not found)','RJCT'),
	 ('U126','Outbound Bank Cannot be Determined','RJCT'),
	 ('U128','Outbound Bank Not Active','RJCT'),
	 ('U129','Payee Bank Unavailable','RJCT'),
	 ('U130','Inbound Settlement Bank not found','RJCT'),
	 ('U131','Outbound Settlement Bank not found','RJCT'),
	 ('U132','Inbound Settlement Bank Inactive','RJCT'),
	 ('U134','Outbound Settlement Bank Inactive','RJCT');
INSERT INTO public.kc_status_reason (status_reason_code,description,status_code) VALUES
	 ('U135','Pre-Authorization Match Not Found','RJCT'),
	 ('U136','Pre-Authorization Bank Account Check Failed','RJCT'),
	 ('U137','Pre-Authorization Timeout','RJCT'),
	 ('U138','Pre-Authorization Config Not Found','RJCT'),
	 ('U139','Pre-Authorization Endpoint or Channel Not Configured','RJCT'),
	 ('U140','Pre-Authorization Exception No Response Returned','RJCT'),
	 ('U141','Pre-Authorization Exception','RJCT'),
	 ('U142','Pre-Authorization Stand-In Limit Exceeded','RJCT'),
	 ('U143','Pre-Authorization Stand-In Account Not Found','RJCT'),
	 ('U144','Pre-Authorization Stand-In Account Inactive','RJCT');
INSERT INTO public.kc_status_reason (status_reason_code,description,status_code) VALUES
	 ('U145','Pre-Authorization Stand-In Insufficient Funds','RJCT'),
	 ('U146','Pre-Authorization Stand-In Not Permitted','RJCT'),
	 ('U147','Pre-Authorization No Stand-In Response','RJCT'),
	 ('U149','Duplicate Transaction','RJCT'),
	 ('U150','Notification Configuration Not Found','RJCT'),
	 ('U151','Notification Endpoint Or Channel Not Configured','RJCT'),
	 ('U155','Fraud Check Failed','RJCT'),
	 ('U156','Sanction Check Failed','RJCT'),
	 ('U157','AML Check Failed','RJCT'),
	 ('U159','Pre-Authorization Stand-In Rejected with Default Status','RJCT');
INSERT INTO public.kc_status_reason (status_reason_code,description,status_code) VALUES
	 ('U160','Settlement Rules Not Found','RJCT'),
	 ('U161','Settlement Endpoint Or Channel Not Configured','RJCT'),
	 ('U162','Settlement Confirmation Not Received','RJCT'),
	 ('U163','Forwarded Settlement Confirmation Response Not Received','RJCT'),
	 ('U164','Settlement Total Management Not Configured','RJCT'),
	 ('U170','Online Route Not Found','RJCT'),
	 ('U171','Online Authorization Exception','RJCT'),
	 ('U172','Online Authorization Exception No Response returned','RJCT'),
	 ('U173','Online Authorization Exception Timeout','RJCT'),
	 ('U180','Authorization Service is Not Configured','RJCT');
INSERT INTO public.kc_status_reason (status_reason_code,description,status_code) VALUES
	 ('U181','Stand-In Limit Exceeded','RJCT'),
	 ('U182','Stand In Account Not Found','RJCT'),
	 ('U183','Stand In Account Inactive','RJCT'),
	 ('U184','Stand In Insufficient Funds','RJCT'),
	 ('U185','Stand In Not Permitted','RJCT'),
	 ('U186','Stand In No Response','RJCT'),
	 ('U187','Stand In forwarding Advice cannot be delivered','RJCT'),
	 ('U189','Stand-In Rejected With Default Status','RJCT'),
	 ('U191','Liquidity Rules Not Found','RJCT'),
	 ('U192','Liquidity Position Validation Rule not found (Threshold limits)','RJCT');
INSERT INTO public.kc_status_reason (status_reason_code,description,status_code) VALUES
	 ('U193','Liquidity Position Validation Failure','RJCT'),
	 ('U194','Insufficient Liquidity to process payment','RJCT'),
	 ('U195','Liquidity Forced Payment Rejection','RJCT'),
	 ('U196','Liquidity Parameter Invalid Or Null','RJCT'),
	 ('U197','Liquidity Parameters Not Found','RJCT'),
	 ('U198','Liquidity Validation Not Found','RJCT'),
	 ('U199','Liquidity Position Definition Not Found','RJCT'),
	 ('U200','LQM Maximum Amount Not Found','RJCT'),
	 ('U201','LQM Maximum Amount Exceeded','RJCT'),
	 ('U202','LQM Net Sender Threshold Limit Not Found','RJCT');
INSERT INTO public.kc_status_reason (status_reason_code,description,status_code) VALUES
	 ('U203','LQM Insufficient Net Sender Funds','RJCT'),
	 ('U205','Scheme Settlement Body Unavailable','RJCT'),
	 ('U206','Settlement Rejection','RJCT'),
	 ('U207','Default Settlement Body Not Defined','RJCT'),
	 ('U208','Settlement Forward Confirmation Send Failed','RJCT'),
	 ('U209','Settlement Forward Confirmation Receive Failed','RJCT'),
	 ('U210','Outbound Scheme Not Found','RJCT'),
	 ('U211','Outbound Scheme Not Active','RJCT'),
	 ('U212','Connector Not Found','RJCT'),
	 ('U213','Connector Configuration Error','RJCT');
INSERT INTO public.kc_status_reason (status_reason_code,description,status_code) VALUES
	 ('U214','Clearing Rejection','RJCT'),
	 ('U215','Message Rejected with Admi.002','RJCT'),
	 ('U220','Exception Handler Failure','RJCT'),
	 ('U799','Alias Management Rule not found','RJCT'),
	 ('U801','Addressing Agency cannot be determined','RJCT'),
	 ('U802','Addressing Privilege not defined','RJCT'),
	 ('U803','Insufficient Privilege','RJCT'),
	 ('U804','Alias Not Found Or Inactive','RJCT'),
	 ('U805','Alias Is Suspended / Activated','RJCT'),
	 ('U806','Alias belongs to same FI but different account','RJCT');
INSERT INTO public.kc_status_reason (status_reason_code,description,status_code) VALUES
	 ('U807','Alias already registered with another FI','RJCT'),
	 ('U808','Alias already registered with the same account','RJCT'),
	 ('U809','Not sufficient privilege to perform addressing action on an alias','RJCT'),
	 ('U810','Alias Request Failed','RJCT'),
	 ('U811','Alias suspended by Administrator','RJCT'),
	 ('U812','Alias Destination Not Configured','RJCT'),
	 ('K002','NoRefDuplicate','KSTS'),
	 ('U813','Cache Alias Maintenance Failed','RJCT'),
	 ('U814','Alias already registered with same FI','RJCT'),
	 ('U815','Duplicate Alias Service Request','RJCT');
INSERT INTO public.kc_status_reason (status_reason_code,description,status_code) VALUES
	 ('U900','Internal Timeout','RJCT'),
	 ('U901','System Malfunction','RJCT'),
	 ('U902','Connection Or Communication Error','RJCT'),
	 ('U904','Endpoint Error','RJCT'),
	 ('U990','Session Error','RJCT'),
	 ('U992','Response Not Delivered','RJCT'),
	 ('U993','Reason Code not determined in response ','RJCT'),
	 ('U999','Signature Verification Failure','RJCT'),
	 ('U221','MandateRulesNotFound','RJCT'),
	 ('U222','MandateMasterUpdateError','RJCT');
INSERT INTO public.kc_status_reason (status_reason_code,description,status_code) VALUES
	 ('U223','MandateRecordNotFound','RJCT'),
	 ('U224','MandateStartDateLessThanCurrentDate','RJCT'),
	 ('U225','MandateStartDateFormatError','RJCT'),
	 ('U226','MandateEndDateLessThanCurrentDate','RJCT'),
	 ('U227','MandateEndDateFormatError','RJCT'),
	 ('U228','MandateFrequencyTypeValidationError','RJCT'),
	 ('U229','MandateUpdaterNotKnown','RJCT'),
	 ('U230','MandateSenderNotAllowedToUpdate','RJCT'),
	 ('U231','MandateStatusValidationError','RJCT'),
	 ('U232','AmountGreaterThanMaximumLimit','RJCT');
INSERT INTO public.kc_status_reason (status_reason_code,description,status_code) VALUES
	 ('U233','MadateAmountMissing','RJCT'),
	 ('U234','RequestBeforeMandateStartDate','RJCT'),
	 ('U235','FutureMandateCannotBeUpdated','RJCT'),
	 ('U236','ExpiredMandateCannotBeUpdated','RJCT'),
	 ('U237','CancelledMandateCannotBeUpdated','RJCT'),
	 ('U238','RequestAfterMandateEndDate','RJCT'),
	 ('U239','HoldDateExceedsExipryDate','RJCT'),
	 ('U851','General Purpose Rules Not Found','RJCT'),
	 ('U312','RequestForPayNotFound','RJCT'),
	 ('U313','RequestForPayAlreadyProcessed','RJCT');
INSERT INTO public.kc_status_reason (status_reason_code,description,status_code) VALUES
	 ('U314','RequestForPayAlreadyRejected','RJCT'),
	 ('U315','RequestForPayInvalidState','RJCT'),
	 ('U316','RequestForPayAlreadyReceived','RJCT'),
	 ('U317','RequestForPayInvalidDbtrAgt','RJCT'),
	 ('U318','ExpiryDateLessThanCurrentDate','RJCT'),
	 ('U319','ExpiryDateFormatError','RJCT'),
	 ('U320','RequestedExecutionDateLessThanCurrentDate','RJCT'),
	 ('U321','RequestedExecutionDateFormatError','RJCT'),
	 ('U310','RequestForPayExpired','RJCT'),
	 ('U311','RequestForPayAlreadyTransferred','RJCT');
INSERT INTO public.kc_status_reason (status_reason_code,description,status_code) VALUES
	 ('U322','MandateIsNotActive','RJCT'),
	 ('U323','InvalidDebtorAgent','RJCT'),
	 ('U324','InvalidOriginalDebtorAgent','RJCT'),
	 ('U325','MandateAlreadyTransferred','RJCT'),
	 ('U300-U309','Reserved for private use ','RJCT'),
	 ('U326','RequestForPayAlreadyAccepted','RJCT'),
	 ('U327','MerchantNotActive','RJCT'),
	 ('U328','MerchantProductNotFound','RJCT'),
	 ('U329','MerchantNotFound','RJCT'),
	 ('U330','MerchantParameterNotFound','RJCT');
INSERT INTO public.kc_status_reason (status_reason_code,description,status_code) VALUES
	 ('U331','MerchantMinAmountCheckFailed','RJCT'),
	 ('U332','MerchantMaxAmountCheckFailed','RJCT'),
	 ('U333','DateXpryCheckFailed','RJCT'),
	 ('U334','MandateIsNotPending','RJCT'),
	 ('U335','RPFLookupRulesNotFound','RJCT'),
	 ('U336','PreAuthExpiryDateFormatError','RJCT'),
	 ('U337','PreAuthExpiryDateExceedsMandateExipryDate','RJCT'),
	 ('U338','PreAuthExpiryDateLessThanCreDtTm','RJCT'),
	 ('U339','PreAuthExpiryDateLessThanCurrentDate','RJCT'),
	 ('U340','MechantProductNotActive','RJCT');
INSERT INTO public.kc_status_reason (status_reason_code,description,status_code) VALUES
	 ('U341','MerchantValidationRuleNotFound','RJCT'),
	 ('U342','MerchantProductBankCodeNotFound','RJCT'),
	 ('K000','Timeout/ On-progress','KSTS'),
	 ('K003','InputValidationFailure','KSTS'),
	 ('K001','NoRefNotFound','KSTS'),
	 ('K004','TransactionLimitViolation','KSTS'),
	 ('K005','AuthenticationFailure','KSTS'),
	 ('K006','Communication Error','KSTS'),
	 ('K010','KomiInternalError','KSTS');